question,volume,suspicion_score,surprise_score,late_move_ratio,price_volatility,max_single_move,total_price_move,price_momentum_6h,price_momentum_12h,new_wallet_ratio,new_wallet_ratio_6h,burst_score,directional_consensus,order_flow_imbalance,wallet_concentration,wallet_age_median_days,cross_market_wallet_flag,label_weight,is_confirmed,is_positive,pu_prob,iso_score,ocsvm_score,insider_trading_prob,end_date
"US strikes Iran by January 14, 2026?",13619741.635223,-0.11625624597043666,0.15,0.20000000000000023,0.009695359714832655,0.03,0.024999999999999994,-0.024999999999999994,-0.024999999999999994,1.0000000000000004,0.6711164852763938,0.1810344827586206,0.8419959264627515,0.6839180935253208,0.88892455239472,487.5,6.0,0.0,False,False,0.1961665321806595,0.9294027323864569,8.814541602031989e-07,0.1935952120456495,2026-01-14T00:00:00Z
"US strikes Iran by February 28, 2026?",89652867.363489,-0.06868399802032177,0.515,0.16666666666666666,0.011060760621761732,0.040000000000000036,0.06000000000000005,-0.04999999999999993,-0.010000000000000009,0.014887003384781761,0.004146120747416328,0.0225852593540615,0.5507702930208238,0.08172107975265168,0.9216365473344321,321.0,7.0,1.0,True,True,1.0,0.28753638970122686,1.0,0.9643768194850613,2026-01-31T00:00:00Z
"US strikes Iran by February 13, 2026?",15146244.148657,-0.14325115815218564,0.345,0.05263157894736845,0.01069029844113461,0.04500000000000004,0.09500000000000003,0.0050000000000000044,-0.010000000000000009,0.07595026142770613,0.05513184367315176,0.0390490104927613,0.6140451160336792,0.24692832533998682,0.9075406234266556,161.0,5.0,0.0,False,False,0.23937135631568116,0.2626132551068268,0.47799732518439664,0.2882586450289815,2026-01-31T00:00:00Z
US government shutdown Saturday?,157296576.448084,-0.0,0.385,0.040000000000000036,0.04843522507033805,0.23999999999999994,0.25,-0.030000000000000027,0.18499999999999994,0.023122544260420066,0.009736219075127029,0.0290191024404589,0.682218954809471,0.44610199086135466,0.9665348244598186,403.5,11.0,0.0,False,False,0.22020326603718646,0.3560757215955385,0.13250758446618874,0.20945775250090454,2026-01-31T00:00:00Z
Will Karol Nawrocki be the next President of Poland?,31735999.949038,-0.15149589737514696,0.265,0.0,0.006049815833239551,0.025000000000000022,0.010000000000000009,-0.020000000000000018,-0.020000000000000018,0.0024024643445130704,0.0019447642593665212,0.016952506596306,0.7296345084615821,0.4592690169231645,0.9323638475306582,574.0,9.0,0.0,False,False,0.472065726431052,0.03949199590593369,0.16630489667505471,0.3892848739535966,2025-05-18T12:00:00Z
Will Rafał Trzaskowski be the next President of Poland?,40863065.298881,-0.1362706295125896,0.30500000000000005,0.0,0.004996603645028676,0.020000000000000018,0.04500000000000004,0.03500000000000003,0.025000000000000022,0.002858617424247037,0.002111083404457649,0.0118483412322274,0.8895259264108027,0.7790518528216053,0.9559562078056427,568.0,5.0,0.0,False,False,0.2544076446880808,0.08409141318641684,0.03195654719003617,0.20140161361338868,2025-05-18T12:00:00Z
Will Pierre Poilievre be the next Canadian Prime Minister?,67376035.838465,-0.13875442943729205,0.2195,0.0,0.0034017277851038415,0.015499999999999986,0.0050000000000000044,-0.004500000000000004,-0.0005000000000000004,0.007838567935139899,0.004406832183893929,0.0099918584856783,0.7793085134200546,0.5586170268401194,0.9509051688295114,610.5,8.0,0.0,False,False,0.3766733090583061,0.0,0.08686673775364825,0.29987832934445924,2025-04-28T12:00:00Z
Will Mark Carney be the next Canadian Prime Minister?,36416000.185007,-0.14849431439457095,0.22050000000000003,0.0,0.0028576852295139816,0.013000000000000012,0.0030000000000000027,0.0044999999999999485,0.0010000000000000009,0.010070476958235229,0.006327052403891329,0.0103056217856509,0.8464576593726932,0.6929153187453893,0.9641226752259191,648.5,8.0,0.0,False,False,0.2806182410895943,0.10532617509873554,0.03336902696915324,0.22240379496596316,2025-04-28T12:00:00Z
Will the next Prime Minister of Hungary be Viktor Orbán?,25456113.707224935,-0.12744457538620318,0.305,0.5,0.004985185152621435,0.010000000000000009,0.020000000000000018,-0.010000000000000009,-0.010000000000000009,0.038353607031777696,0.014417300009358505,0.0086766267334484,0.6444097512344187,0.28747040781813626,0.9570733340514965,370.5,5.0,0.0,False,False,0.23688486452814977,0.13017508600916014,0.4014804646990131,0.2644684956363729,2026-04-12T00:00:00Z
Will the next Prime Minister of Hungary be Péter Magyar?,24555476.477281053,-0.07173795207195371,0.30500000000000005,1.0,0.004382281320814535,0.010000000000000009,0.010000000000000009,-0.010000000000000009,-0.010000000000000009,0.028307611687855037,0.009460806612878014,0.010239426349052,0.696355310721954,0.3786728954487693,0.9532289359666448,337.0,4.0,0.0,False,False,0.2312319221309317,0.30501042838783354,0.04691557256336052,0.19805757753026254,2026-04-12T00:00:00Z
Iran x Israel/US conflict ends by April 15?,17450416.216830038,-0.07536418535644634,0.5575,0.013377926421404692,0.048874996737825464,0.15200000000000002,0.29900000000000004,0.040000000000000036,0.19200000000000006,0.004022983159719839,0.0016735253374714509,0.0339739027283511,0.5367900916793183,0.4907438026353096,0.9319569060208575,179.5,6.0,0.0,False,False,0.29005342268723644,0.23818522357677738,0.1507765675372644,0.2596046417017191,2026-04-15T00:00:00Z
Will Andrew Cuomo win the Democratic Primary for Mayor of New York City?,17826731.742495,-0.07306034709671522,0.745,0.06896551724137938,0.04488050630378629,0.29000000000000004,0.29,0.0,-0.09500000000000003,0.00649337316453311,0.0031813705400848056,0.0217018999197217,0.764955352792504,0.3744739879314259,0.9583812799708147,537.5,9.0,0.0,False,False,0.21171252383036956,0.20529759208541123,0.13861240550269496,0.19677175357758672,2025-06-24T12:00:00Z
Will  Zohran Mamdani win the Democratic Primary for Mayor of New York City?,17848349.233334,-0.06276902749133323,0.7515000000000001,0.05772495755517831,0.04297631918702023,0.2859999999999999,0.29450000000000004,-0.0040000000000000036,0.10400000000000004,0.010702412630828445,0.004280283382843036,0.0144042917185882,0.5309193426917426,0.16622298305351588,0.9554767033223401,499.5,9.0,0.0,False,False,0.2935460317020875,0.30665300109419585,0.2303006168751098,0.2815522972062974,2025-06-24T12:00:00Z
Maduro out in 2025?,34641400.627049,-0.0983318248618617,0.0075,0.0,0.0006669118305811693,0.0025000000000000005,0.006,-0.0035,-0.0025,0.0015957016441257045,0.000423460352364866,0.0099586940530753,0.8813321193440711,0.7626642386881411,0.9555178031543357,522.0,7.0,0.6,False,True,0.9803657912208822,0.21847097774389163,0.021613994197180922,0.7505206911422925,2025-12-31T12:00:00Z
Will Trump visit China by March 31?,10369639.104046939,-0.02530042619808015,0.61,0.0,0.062124153854663675,0.415,0.49,0.0,-0.024999999999999994,0.010567789249768965,0.0025314537673058217,0.0543300653594771,0.7067180266139843,0.5653840671301505,0.864561458573673,334.0,2.0,0.0,False,False,0.15815806575947483,0.35800612338168564,0.017566991337734164,0.14003225375623723,2025-10-31T00:00:00Z
"Will Melania say ""Career"" during AI talk on Friday?",31097575.061839,-0.03877604544153784,0.5,0.13793103448275873,0.05003998401278722,0.13,0.14500000000000002,-0.14500000000000002,-0.14500000000000002,0.019004773822600914,0.007893929508384672,0.0221435796368916,,0.49521682119217475,,493.5,6.0,0.0,False,False,0.13129555154260159,0.2088674705468242,0.2033022535457437,0.14957548789344116,2026-01-16T00:00:00Z
Will Trump talk to Xi Jinping in March?,12358578.449661002,0.16699732894044628,0.37,0.0056980056980057035,0.13444748689098632,0.6815,0.351,-0.7255,-0.872,0.1863690531999243,0.11189799167826699,0.0770853307766059,0.5815219826498259,0.6368036574210452,0.8964828861465048,419.0,4.0,0.0,False,False,0.13129555154260159,1.0,0.0,0.1484716636569512,2026-03-31T00:00:00Z
Lord Miles completes 40-day water fast in the desert?,14296822.328016,-0.10153721837060414,0.225,0.01830663615560641,0.02176999861061486,0.13,0.2185,-0.0585,-0.0585,0.06395537103501926,0.02145846999600282,0.011714800650578,0.6502925505127982,0.4996898397490399,0.9536717908190337,536.5,6.0,0.0,False,False,0.13129555154260159,0.105302936959513,0.14358213681167634,0.1324532378672621,2025-09-30T00:00:00Z
Government shutdown on Saturday?,13550398.086217,0.05967092955432096,0.83,0.007942238267148023,0.08310110587771193,0.5715,0.6924999999999999,-0.10249999999999998,-0.07899999999999999,0.032481915688860274,0.01830994444317646,0.0600002744124144,0.5082021349931937,0.5607936871934203,0.9537133890000336,505.0,6.0,0.0,False,False,0.13129555154260159,0.6242918889781145,0.0022548336153977,0.13013722482893644,2026-02-14T00:00:00Z
US government shutdown by October 1?,13491651.789377,-0.08082306145590812,0.385,0.0,0.027566537472630978,0.135,0.31000000000000005,0.09000000000000008,0.14,0.10944623295571956,0.03842616767523749,0.0318299465829616,0.7943305125426556,0.5951384474931287,0.9550003894309658,587.5,8.0,0.0,False,False,0.18804952043562884,0.2720930349896525,0.06057765108744615,0.1667573222936935,2025-10-01T00:00:00Z
Will South Korea presidential election winner get over 50% of votes?,13094030.56774,-0.07050770498524683,0.345,0.0,0.01794312224877278,0.08000000000000007,0.0,0.15000000000000002,0.11499999999999999,0.12573373027312043,0.10181120513139608,0.0814259277296191,0.7480235053820847,0.48952651004242814,0.9127191714227127,415.5,1.0,0.0,False,False,0.12178836060562934,0.5019151768045672,0.0505776351495011,0.12655255632435058,2025-06-03T12:00:00Z
